COG,ACTUAL,CAPAY,CRPAY,ANI,LIBCOG,norm_name,LIBENR,ANCNOM,CODEISO2,CODEISO3,CODENUM3
99103,1,,,,NORVEGE,norvege,ROYAUME DE NORVÈGE,,NO,NOR,578
99103,3,,,,BOUVET (ILE),bouvet,BOUVET (ÎLE),,BV,BVT,074
99104,1,,,,SUEDE,suede,ROYAUME DE SUÈDE,,SE,SWE,752
99105,1,,,,FINLANDE,finlande,RÉPUBLIQUE DE FINLANDE,,FI,FIN,246
99110,1,,,,AUTRICHE,autriche,RÉPUBLIQUE D'AUTRICHE,,AT,AUT,040
99112,1,,,,HONGRIE,hongrie,RÉPUBLIQUE DE HONGRIE,,HU,HUN,348
99115,2,,,,TCHECOSLOVAQUIE,tchecoslovaquie,TCHÉCOSLOVAQUIE,,,,
99116,1,99115,,1992,TCHEQUE (REPUBLIQUE),tcheque,RÉPUBLIQUE TCHÈQUE,,CZ,CZE,203
99117,1,99115,,1992,SLOVAQUIE,slovaquie,RÉPUBLIQUE SLOVAQUE,,SK,SVK,703
99118,1,99121,,1992,BOSNIE-HERZEGOVINE,bosnie herzegovine,RÉPUBLIQUE DE BOSNIE-HERZÉGOVINE,,BA,BIH,070
99120,1,99121,,2006,MONTENEGRO,montenegro,RÉPUBLIQUE DU MONTÉNÉGRO,SERBIE-ET-MONTENEGRO,ME,MNE,499
99121,1,,,2006,SERBIE,serbie,RÉPUBLIQUE DE SERBIE,SERBIE-ET-MONTENEGRO,RS,SRB,688
99122,1,,,,POLOGNE,pologne,RÉPUBLIQUE DE POLOGNE,,PL,POL,616
99123,1,,,1991,RUSSIE,russie,FÉDÉRATION DE RUSSIE,U.R.S.S.,RU,RUS,643
99124,2,,99208,,TURQUIE D'EUROPE,turquie europe,TURQUIE D'EUROPE,,,,
99127,1,,,,ITALIE,italie,RÉPUBLIQUE ITALIENNE,,IT,ITA,380
99128,1,,,,SAINT-MARIN,saint marin,RÉPUBLIQUE DE SAINT-MARIN,,SM,SMR,674
99129,1,,,,"VATICAN, ou SAINT-SIEGE",vatican saint siege,ÉTAT DE LA CITÉ DU VATICAN,,VA,VAT,336
99130,1,,,,ANDORRE,andorre,PRINCIPAUTÉ D'ANDORRE,,AD,AND,020
99131,1,,,,BELGIQUE,belgique,ROYAUME DE BELGIQUE,,BE,BEL,056
99132,1,,,,ROYAUME-UNI,royaume uni,ROYAUME-UNI DE GRANDE-BRETAGNE ET D'IRLANDE DU NORD,,GB,GBR,826
99133,4,,99132,,GIBRALTAR,gibraltar,GIBRALTAR,,GI,GIB,292
99134,1,,,,ESPAGNE,espagne,ROYAUME D'ESPAGNE,,ES,ESP,724
99135,3,,,,ARUBA,aruba,ARUBA,,AW,ABW,533
99137,1,,,,LUXEMBOURG,luxembourg,GRAND-DUCHÉ DE LUXEMBOURG,,LU,LUX,442
99144,1,99133,,1964,MALTE,malte,RÉPUBLIQUE DE MALTE,,MT,MLT,470
99145,1,99121,,1991,SLOVENIE,slovenie,RÉPUBLIQUE DE SLOVÉNIE,,SI,SVN,705
99148,1,99123,,1991,BIELORUSSIE,bielorussie,RÉPUBLIQUE DE BIÉLORUSSIE,,BY,BLR,112
99157,1,99121,,2008,KOSOVO,kosovo,RÉPUBLIQUE DU KOSOVO,SERBIE,XK,,
99206,1,,,1944,SYRIE,syrie,RÉPUBLIQUE ARABE SYRIENNE,,SY,SYR,760
99209,2,,99123,,SIBERIE,siberie,SIBÉRIE,,,,
99210,2,,99123,,TURKESTAN RUSSE,turkestan russe,TURKESTAN RUSSE,,,,
99213,1,,,1947,PAKISTAN,pakistan,RÉPUBLIQUE ISLAMIQUE DU PAKISTAN,,PK,PAK,586
99214,1,,,,BHOUTAN,bhoutan,ROYAUME DU BHOUTAN,,BT,BTN,064
99219,1,,,,THAILANDE,thailande,ROYAUME DE THAÏLANDE,SIAM,TH,THA,764
99220,1,,,1946,PHILIPPINES,philippines,RÉPUBLIQUE DES PHILIPPINES,,PH,PHL,608
99221,2,,,,POSSESSIONS BRITANNIQUES AU PROCHE-ORIENT,possessions britanniques proche orient,POSSESSIONS BRITANNIQUES AU PROCHE-ORIENT,,,,
99222,1,,,1946,JORDANIE,jordanie,ROYAUME HACHÉMITE DE JORDANIE,TRANSJORDANIE,JO,JOR,400
99224,1,,,1948,BIRMANIE,birmanie,UNION DE BIRMANIE,,MM,MMR,104
99225,1,,,1984,BRUNEI,brunei,NEGARA BRUNEI DARUSSALAM,BORNEO BRITANNIQUE,BN,BRN,096
99228,2,,99227,,ETATS MALAIS NON FEDERES,etats malais non federes,ÉTATS MALAIS NON FÉDÉRÉS,,,,
99229,1,,,1965,MALDIVES,maldives,RÉPUBLIQUE DES MALDIVES,ILES MALDIVES,MV,MDV,462
99230,2,99132,99216,,HONG-KONG,hong kong,HONG-KONG,,HK,,
99232,2,99139,99216,,MACAO,macao,MACAO,,MO,,
99235,1,99223,,1948,SRI LANKA,sri lanka,RÉPUBLIQUE DÉMOCRATIQUE SOCIALISTE DU SRI LANKA,CEYLAN,LK,LKA,144
99241,1,98505,,1949,LAOS,laos,RÉPUBLIQUE DÉMOCRATIQUE POPULAIRE LAO,,LA,LAO,418
99243,1,,,1976,VIET NAM,viet nam,RÉPUBLIQUE SOCIALISTE DU VIÊT NAM,,VN,VNM,704
99244,2,98506,99243,1954,VIET NAM DU NORD,viet nam nord,VIÊT NAM DU NORD,"TONKIN, ANNAM N.",,,
99245,2,XXXXX,99243,1954,VIET NAM DU SUD,viet nam sud,VIÊT NAM DU SUD,"ANNAM S.,COCHINCHINE",,,
99246,1,99213,,1972,BANGLADESH,bangladesh,RÉPUBLIQUE POPULAIRE DU BANGLADESH,PAKISTAN ORIENTAL,BD,BGD,050
99248,1,99221,,1971,QATAR,qatar,ÉTAT DU QATAR,,QA,QAT,634
99249,1,99221,,1971,BAHREIN,bahrein,ÉTAT DE BAHREÏN,,BH,BHR,048
99250,1,99221,,1971,OMAN,oman,SULTANAT D'OMAN,MASCATE-ET-OMAN,OM,OMN,512
99252,1,99123,,1991,ARMENIE,armenie,RÉPUBLIQUE D'ARMÉNIE,,AM,ARM,051
99254,1,99143,,1960,CHYPRE,chypre,RÉPUBLIQUE DE CHYPRE,,CY,CYP,196
99256,1,99123,,1991,KAZAKHSTAN,kazakhstan,RÉPUBLIQUE DU KAZAKHSTAN,,KZ,KAZ,398
99257,1,99123,,1991,KIRGHIZISTAN,kirghizistan,RÉPUBLIQUE KIRGHIZE,,KG,KGZ,417
99258,1,99123,,1991,OUZBEKISTAN,ouzbekistan,RÉPUBLIQUE D'OUZBÉKISTAN,,UZ,UZB,860
99259,1,99123,,1991,TADJIKISTAN,tadjikistan,RÉPUBLIQUE DU TADJIKISTAN,,TJ,TJK,762
99262,1,99231,,2002,TIMOR ORIENTAL,timor oriental,RÉPUBLIQUE DÉMOCRATIQUE DU TIMOR ORIENTAL,,TL,TLS,626
99302,1,,,,LIBERIA,liberia,RÉPUBLIQUE DU LIBERIA,,LR,LBR,430
99304,1,,,1965,GAMBIE,gambie,RÉPUBLIQUE DE GAMBIE,,GM,GMB,270
99305,2,,,,CAMEROUN ET TOGO,cameroun togo,CAMEROUN ET TOGO,,,,
99307,2,,,,"SOUDAN ANGLO-EGYPTIEN, KENYA, OUGANDA",soudan anglo egyptien kenya ouganda,"SOUDAN ANGLO-ÉGYPTIEN, KENYA, OUGANDA",,,,
99101,1,,,,DANEMARK,danemark,ROYAUME DU DANEMARK,,DK,DNK,208
99101,3,99102,,,FEROE (ILES),feroe,FÉROÉ (ÎLES),,FO,FRO,234
99102,1,,,1944,ISLANDE,islande,RÉPUBLIQUE D'ISLANDE,,IS,ISL,352
99103,3,,,,SVALBARD et ILE JAN MAYEN,svalbard ile jan mayen,SVALBARD ET ÎLE JAN MAYEN,,SJ,SJM,744
99106,1,99123,,1991,ESTONIE,estonie,RÉPUBLIQUE D'ESTONIE,,EE,EST,233
99107,1,99123,,1991,LETTONIE,lettonie,RÉPUBLIQUE DE LETTONIE,,LV,LVA,428
99108,1,99123,,1991,LITUANIE,lituanie,RÉPUBLIQUE DE LITUANIE,,LT,LTU,440
99109,1,,,1990,ALLEMAGNE,allemagne,RÉPUBLIQUE FÉDÉRALE D'ALLEMAGNE,,DE,DEU,276
99111,1,,,,BULGARIE,bulgarie,RÉPUBLIQUE DE BULGARIE,,BG,BGR,100
99113,1,,,,LIECHTENSTEIN,liechtenstein,PRINCIPAUTÉ DE LIECHTENSTEIN,,LI,LIE,438
99114,1,,,,ROUMANIE,roumanie,ROUMANIE,,RO,ROU,642
99119,1,99121,,1991,CROATIE,croatie,RÉPUBLIQUE DE CROATIE,,HR,HRV,191
99125,1,,,,ALBANIE,albanie,RÉPUBLIQUE D'ALBANIE,,AL,ALB,008
99126,1,,,,GRECE,grece,RÉPUBLIQUE HELLÉNIQUE,,GR,GRC,300
99132,3,,,,GUERNESEY,guernesey,GUERNESEY,,GG,GGY,831
99132,3,,,,JERSEY,jersey,JERSEY,,JE,JEY,832
99132,3,,,,MAN (ILE),man,MAN (ÎLE),,IM,IMN,833
99135,1,,,,PAYS-BAS,pays bas,ROYAUME DES PAYS-BAS,HOLLANDE,NL,NLD,528
99136,1,,,,"IRLANDE, ou EIRE",irlande eire,IRLANDE,,IE,IRL,372
99138,1,,,,MONACO,monaco,PRINCIPAUTÉ DE MONACO,,MC,MCO,492
99139,1,,,,PORTUGAL,portugal,RÉPUBLIQUE PORTUGAISE,,PT,PRT,620
99140,1,,,,SUISSE,suisse,CONFÉDÉRATION SUISSE,,CH,CHE,756
99141,2,,99109,,REPUBLIQUE DEMOCRATIQUE ALLEMANDE,republique democratique allemande,RÉPUBLIQUE DÉMOCRATIQUE ALLEMANDE,,,,
99142,2,,99109,,REPUBLIQUE FEDERALE D'ALLEMAGNE,republique federale allemagne,RÉPUBLIQUE FÉDÉRALE D'ALLEMAGNE,,,,
99151,1,99123,,1991,MOLDAVIE,moldavie,RÉPUBLIQUE DE MOLDAVIE,,MD,MDA,498
99155,1,99123,,1991,UKRAINE,ukraine,UKRAINE,,UA,UKR,804
99156,1,99121,,1993,EX-REPUBLIQUE YOUGOSLAVE DE MACEDOINE,ex republique yougoslave macedoine,EX-RÉPUBLIQUE YOUGOSLAVE DE MACÉDOINE,,MK,MKD,807
99201,1,,,,ARABIE SAOUDITE,arabie saoudite,ROYAUME D'ARABIE SAOUDITE,,SA,SAU,682
99203,1,,,,IRAQ,iraq,RÉPUBLIQUE D'IRAQ,,IQ,IRQ,368
99204,1,,,,IRAN,iran,RÉPUBLIQUE ISLAMIQUE D'IRAN,PERSE,IR,IRN,364
99205,1,,,1943,LIBAN,liban,RÉPUBLIQUE LIBANAISE,,LB,LBN,422
99207,1,,,1948,ISRAEL,israel,ÉTAT D'ISRAËL,,IL,ISR,376
99208,1,,,,TURQUIE,turquie,RÉPUBLIQUE TURQUE,,TR,TUR,792
99211,2,,99123,,KAMTCHATKA,kamtchatka,KAMTCHATKA,,,,
99212,1,,,,AFGHANISTAN,afghanistan,ÉTAT ISLAMIQUE D'AFGHANISTAN,,AF,AFG,004
99215,1,,,,NEPAL,nepal,ROYAUME DU NÉPAL,,NP,NPL,524
99216,1,,,,CHINE,chine,RÉPUBLIQUE POPULAIRE DE CHINE,,CN,CHN,156
99217,1,,,,JAPON,japon,JAPON,,JP,JPN,392
99218,2,,99216,,MANDCHOURIE,mandchourie,MANDCHOURIE,MANDCHOUKOUO,,,
99223,1,,,1947,INDE,inde,RÉPUBLIQUE DE L'INDE,,IN,IND,356
99223,3,99232,,,GOA,goa,GOA,,,,
99226,1,,,1965,SINGAPOUR,singapour,RÉPUBLIQUE DE SINGAPOUR,ETABLS. DES DETROITS,SG,SGP,702
99227,1,,,1957,MALAISIE,malaisie,MALAISIE,,MY,MYS,458
99231,1,,,1945,INDONESIE,indonesie,RÉPUBLIQUE D'INDONÉSIE,INDES NEER. ET PORT.,ID,IDN,360
99234,1,98503,,1953,CAMBODGE,cambodge,ROYAUME DU CAMBODGE,KAMPUCHEA DEM.,KH,KHM,116
99236,4,99217,,1945,TAIWAN,taiwan,TAÏWAN,FORMOSE,TW,TWN,158
99240,1,99221,,1961,KOWEIT,koweit,ÉTAT DU KOWEÏT,,KW,KWT,414
99242,1,99216,,1945,MONGOLIE,mongolie,MONGOLIE,MONGOLIE EXTERIEURE,MN,MNG,496
99247,1,99221,,1971,EMIRATS ARABES UNIS,emirats arabes unis,ÉMIRATS ARABES UNIS,,AE,ARE,784
99253,1,99123,,1991,AZERBAIDJAN,azerbaidjan,RÉPUBLIQUE AZERBAÏDJANAISE,,AZ,AZE,031
99255,1,99123,,1991,GEORGIE,georgie,RÉPUBLIQUE DE GÉORGIE,,GE,GEO,268
99260,1,99123,,1991,TURKMENISTAN,turkmenistan,TURKMÉNISTAN,,TM,TKM,795
99261,1,99207,,,PALESTINE (Etat de),palestine,ÉTAT DE PALESTINE,PALESTINE (Territoire de),PS,PSE,275
99301,1,,,,EGYPTE,egypte,RÉPUBLIQUE ARABE D'ÉGYPTE,,EG,EGY,818
99303,1,,,,AFRIQUE DU SUD,afrique sud,RÉPUBLIQUE D'AFRIQUE DU SUD,UNION SUD-AFRICAINE,ZA,ZAF,710
99306,4,,99132,,"SAINTE HELENE, ASCENSION ET TRISTAN DA CUNHA",sainte helene ascension tristan da cunha,"SAINTE-HÉLÈNE, ASCENSION ET TRISTAN DA CUNHA",SAINTE HELENE,SH,SHN,654
99308,4,,99132,,OCEAN INDIEN (TERRITOIRE BRITANNIQUE DE L'),ocean indien,OCÉAN INDIEN (TERRITOIRE BRITANNIQUE DE L'),,IO,IOT,086
99310,1,,,1980,ZIMBABWE,zimbabwe,RÉPUBLIQUE DU ZIMBABWE,RHODESIE DU SUD,ZW,ZWE,716
99313,4,99314,99134,,CANARIES (ILES),canaries,CANARIES (ÎLES),,,,
99313,4,,99134,,PROVINCES ESPAGNOLES D'AFRIQUE,provinces espagnoles afrique,PROVINCES ESPAGNOLES D'AFRIQUE,,,,
99314,1,,,1968,GUINEE EQUATORIALE,guinee equatoriale,RÉPUBLIQUE DE GUINÉE ÉQUATORIALE,GUINEE ESPAGNOLE,GQ,GNQ,226
99321,1,99312,,1962,BURUNDI,burundi,RÉPUBLIQUE DU BURUNDI,URUNDI,BI,BDI,108
99322,1,99305,,1961,CAMEROUN,cameroun,RÉPUBLIQUE DU CAMEROUN,,CM,CMR,120
99327,1,98205,,1960,BENIN,benin,RÉPUBLIQUE DU BÉNIN,DAHOMEY,BJ,BEN,204
99330,1,XXXXX,,1958,GUINEE,guinee,RÉPUBLIQUE DE GUINÉE,GUINEE FRANCAISE,GN,GIN,324
99331,1,98209,,1960,BURKINA,burkina,BURKINA FASO,HAUTE-VOLTA,BF,BFA,854
99332,1,99307,,1963,KENYA,kenya,RÉPUBLIQUE DU KENYA,,KE,KEN,404
99335,1,98206,,1960,MALI,mali,RÉPUBLIQUE DU MALI,SOUDAN FRANCAIS,ML,MLI,466
99337,1,98207,,1960,NIGER,niger,RÉPUBLIQUE DU NIGER,,NE,NER,562
99338,1,99304,,1960,NIGERIA,nigeria,RÉPUBLIQUE FÉDÉRALE DU NIGÉRIA,,NG,NGA,566
99339,1,99307,,1962,OUGANDA,ouganda,RÉPUBLIQUE DE L'OUGANDA,,UG,UGA,800
99340,1,99312,,1962,RWANDA,rwanda,RÉPUBLIQUE RWANDAISE,RUANDA,RW,RWA,646
99343,1,99307,,1956,SOUDAN,soudan,RÉPUBLIQUE DU SOUDAN,ANGLO-EGYPTIEN,SD,SDN,729
99344,1,98304,,1960,TCHAD,tchad,RÉPUBLIQUE DU TCHAD,,TD,TCD,148
99345,1,99305,,1960,TOGO,togo,RÉPUBLIQUE TOGOLAISE,,TG,TGO,768
99346,1,99310,,1964,ZAMBIE,zambie,RÉPUBLIQUE DE ZAMBIE,RHODESIE DU NORD,ZM,ZMB,894
99347,1,99310,,1966,BOTSWANA,botswana,RÉPUBLIQUE DU BOTSWANA,BECHUANALAND,BW,BWA,072
99349,1,99343,,2011,SOUDAN DU SUD,soudan sud,RÉPUBLIQUE DU SOUDAN DU SUD,,SS,SSD,728
99352,1,XXXXX,,1962,ALGERIE,algerie,RÉPUBLIQUE ALGÉRIENNE DÉMOCRATIQUE ET POPULAIRE,,DZ,DZA,012
99390,1,99308,,1968,MAURICE,maurice,RÉPUBLIQUE DE MAURICE,,MU,MUS,480
99391,1,99310,,1968,SWAZILAND,swaziland,ROYAUME DU SWAZILAND,,SZ,SWZ,748
99392,1,99319,,1974,GUINEE-BISSAU,guinee bissau,RÉPUBLIQUE DE GUINÉE-BISSAU,GUINEE PORTUGAISE,GW,GNB,624
99396,1,99319,,1975,CAP-VERT,cap vert,RÉPUBLIQUE DU CAP-VERT,,CV,CPV,132
99397,1,98402,,1975,COMORES,comores,RÉPUBLIQUE FÉDÉRALE ISLAMIQUE DES COMORES,,KM,COM,174
99398,1,99308,,1976,SEYCHELLES,seychelles,RÉPUBLIQUE DES SEYCHELLES,,SC,SYC,690
99399,1,98406,,1977,DJIBOUTI,djibouti,RÉPUBLIQUE DE DJIBOUTI,T.F. AFARS ET ISSAS,DJ,DJI,262
99401,1,,,,CANADA,canada,CANADA,,CA,CAN,124
99402,2,,99401,,TERRE-NEUVE,terre neuve,TERRE-NEUVE,,,,
99404,1,,,,ETATS-UNIS,etats unis,ÉTATS-UNIS D'AMÉRIQUE,,US,USA,840
99408,1,,,,DOMINICAINE (REPUBLIQUE),dominicaine,RÉPUBLIQUE DOMINICAINE,SAINT-DOMINGUE,DO,DOM,214
99409,1,,,,GUATEMALA,guatemala,RÉPUBLIQUE DU GUATEMALA,,GT,GTM,320
99411,1,,,,HONDURAS,honduras,RÉPUBLIQUE DU HONDURAS,,HN,HND,340
99412,1,,,,NICARAGUA,nicaragua,RÉPUBLIQUE DU NICARAGUA,,NI,NIC,558
99413,1,,,,PANAMA,panama,RÉPUBLIQUE DU PANAMA,,PA,PAN,591
99414,1,,,,EL SALVADOR,el salvador,RÉPUBLIQUE DU SALVADOR,,SV,SLV,222
99415,1,,,,ARGENTINE,argentine,RÉPUBLIQUE ARGENTINE,,AR,ARG,032
99418,1,,,,BOLIVIE,bolivie,ÉTAT PLURINATIONAL DE BOLIVIE,REPUBLIQUE DE BOLIVIE,BO,BOL,068
99419,1,,,,COLOMBIE,colombie,RÉPUBLIQUE DE COLOMBIE,,CO,COL,170
99422,1,,,,PEROU,perou,RÉPUBLIQUE DU PÉROU,,PE,PER,604
99425,4,99426,99132,,CAIMANES (ILES),caimanes,CAÏMANES (ÎLES),,KY,CYM,136
99425,4,,99132,,ANGUILLA,anguilla,ANGUILLA,,AI,AIA,660
99425,4,,99132,,MONTSERRAT,montserrat,MONTSERRAT,,MS,MSR,500
99425,4,,99132,,VIERGES BRITANNIQUES (ILES),vierges britanniques,VIERGES BRITANNIQUES (ÎLES),,VG,VGB,092
99427,4,,99132,,GEORGIE DU SUD ET LES ILES SANDWICH DU SUD,georgie sud iles sandwich sud,GÉORGIE DU SUD ET LES ÎLES SANDWICH DU SUD,,GS,SGS,239
99427,4,,99132,,"MALOUINES, OU FALKLAND (ILES)",malouines falkland,"MALOUINES, OU FALKLAND (ÎLES)",,FK,FLK,238
99427,4,,99132,,TERR. DU ROYAUME-UNI DANS L'ATLANTIQUE SUD,terr royaume uni atlantique sud,TERR. DU ROYAUME-UNI DANS L'ATLANTIQUE_SUD,,,,
99428,1,,,1966,GUYANA,guyana,RÉPUBLIQUE COOPÉRATIVE DE GUYANA,GUYANE BRITANNIQUE,GY,GUY,328
99429,1,,,1981,BELIZE,belize,BELIZE,HONDURAS BRITANNIQUE,BZ,BLZ,084
99430,4,,99101,,GROENLAND,groenland,GROENLAND,,GL,GRL,304
99431,2,,99135,,ANTILLES NEERLANDAISES,antilles neerlandaises,ANTILLES NÉERLANDAISES,,AN,,
99432,4,,99404,,TERR. DES ETATS-UNIS D'AMERIQUE EN AMERIQUE,terr etats unis amerique amerique,TERR. DES ÉTATS-UNIS D'AMÉRIQUE EN AMÉRIQUE,,,,
99432,4,,99404,,VIERGES DES ETATS-UNIS (ILES),vierges etats unis,VIERGES DES ÉTATS-UNIS (ÎLES),,VI,VIR,850
99433,1,99426,,1962,TRINITE-ET-TOBAGO,trinite tobago,RÉPUBLIQUE DE TRINITÉ-ET-TOBAGO,,TT,TTO,780
99434,1,99425,,1966,BARBADE,barbade,BARBADE,,BB,BRB,052
99438,1,99425,,1978,DOMINIQUE,dominique,COMMONWEALTH DE DOMINIQUE,,DM,DMA,212
99439,1,99425,,1979,SAINTE-LUCIE,sainte lucie,SAINTE-LUCIE,,LC,LCA,662
99440,1,99425,,1979,SAINT-VINCENT-ET-LES GRENADINES,saint vincent grenadines,SAINT-VINCENT-ET-LES GRENADINES,,VC,VCT,670
99443,1,99431,,2010,"BONAIRE, SAINT EUSTACHE ET SABA",bonaire saint eustache saba,"BONAIRE, SAINT EUSTACHE ET SABA",,BQ,BES,535
99501,1,,,,AUSTRALIE,australie,AUSTRALIE,,AU,AUS,036
99501,3,,,,HEARD ET MACDONALD (ILES),heard macdonald,HEARD ET MACDONALD (ÎLES),,HM,HMD,334
99502,3,99503,,,COOK (ILES),cook,COOK (ÎLES),,CK,COK,184
99502,3,,,,TOKELAU,tokelau,TOKELAU,,TK,TKL,772
99503,4,,99132,,PITCAIRN (ILE),pitcairn,PITCAIRN (ÎLE),,PN,PCN,612
99504,2,,99404,,HAWAII (ILES),hawaii,HAWAII (ÎLES),,,,
99505,4,99220,99404,,GUAM,guam,GUAM,,GU,GUM,316
99505,4,,99404,,TERR. DES ETATS-UNIS D'AMERIQUE EN OCEANIE,terr etats unis amerique oceanie,TERR. DES ÉTATS-UNIS D'AMÉRIQUE EN OCÉANIE,,,,
99508,1,99503,,1970,FIDJI,fidji,RÉPUBLIQUE DES FIDJI,,FJ,FJI,242
99509,1,99503,,1970,TONGA,tonga,ROYAUME DES TONGA,,TO,TON,776
99514,1,99503,,1980,VANUATU,vanuatu,RÉPUBLIQUE DE VANUATU,NOUVELLES-HEBRIDES,VU,VUT,548
99517,1,99404,,1994,PALAOS (ILES),palaos,RÉPUBLIQUE DES ÎLES PALAOS,BELAU,PW,PLW,585
XXXXX,1,,,,FRANCE,france,RÉPUBLIQUE FRANÇAISE,,FR,FRA,250
99308,2,,99309,,ZANZIBAR,zanzibar,ZANZIBAR,,,,
99309,1,,,1961,TANZANIE,tanzanie,RÉPUBLIQUE UNIE DE TANZANIE,"TANGANYIKA, ZANZIBAR",TZ,TZA,834
99311,1,,,1990,NAMIBIE,namibie,RÉPUBLIQUE DE NAMIBIE,SUD-OUEST AFRICAIN,NA,NAM,516
99313,4,,99134,,PRESIDES,presides,PRÉSIDES,,,,
99315,1,,,,ETHIOPIE,ethiopie,RÉPUBLIQUE DÉMOCRATIQUE FÉDÉRALE D'ÉTHIOPIE,ABYSSINIE,ET,ETH,231
99316,1,,,1951,LIBYE,libye,JAMAHIRIYA ARABE LIBYENNE POPULAIRE ET SOCIALISTE,CYRENAIQUE,LY,LBY,434
99317,1,99315,,1993,ERYTHREE,erythree,ÉTAT D'ÉRYTHRÉE,,ER,ERI,232
99318,1,99308,,1951,SOMALIE,somalie,SOMALIE,,SO,SOM,706
99319,4,,99139,,"ACORES, MADERE",acores madere,"AÇORES, MADÈRE",,,,
99320,2,,,,ILES PORTUGAISES DE L'OCEAN INDIEN,iles portugaises ocean indien,ÎLES PORTUGAISES DE L'OCÉAN INDIEN,,,,
99323,1,98303,,1960,CENTRAFRICAINE (REPUBLIQUE),centrafricaine,RÉPUBLIQUE CENTRAFRICAINE,OUBANGUI-CHARI,CF,CAF,140
99325,2,,99350,,TANGER,tanger,TANGER,,,,
99326,1,98204,,1960,COTE D'IVOIRE,cote ivoire,RÉPUBLIQUE DE CÔTE D'IVOIRE,,CI,CIV,384
99328,1,98301,,1960,GABON,gabon,RÉPUBLIQUE GABONAISE,,GA,GAB,266
99329,1,99304,,1957,GHANA,ghana,RÉPUBLIQUE DU GHANA,COTE-DE-L'OR,GH,GHA,288
99333,1,98401,,1960,MADAGASCAR,madagascar,RÉPUBLIQUE DE MADAGASCAR,,MG,MDG,450
99334,1,99310,,1964,MALAWI,malawi,RÉPUBLIQUE DU MALAWI,NYASSALAND,MW,MWI,454
99336,1,98201,,1960,MAURITANIE,mauritanie,RÉPUBLIQUE ISLAMIQUE DE MAURITANIE,,MR,MRT,478
99341,1,98202,,1960,SENEGAL,senegal,RÉPUBLIQUE DU SÉNÉGAL,,SN,SEN,686
99342,1,99304,,1961,SIERRA LEONE,sierra leone,RÉPUBLIQUE DE SIERRA LEONE,,SL,SLE,694
99348,1,99310,,1966,LESOTHO,lesotho,ROYAUME DU LESOTHO,BASUTOLAND,LS,LSO,426
99350,1,XXXXX,,1956,MAROC,maroc,ROYAUME DU MAROC,,MA,MAR,504
99351,1,XXXXX,,1956,TUNISIE,tunisie,RÉPUBLIQUE TUNISIENNE,,TN,TUN,788
99389,4,,,,SAHARA OCCIDENTAL,sahara occidental,SAHARA OCCIDENTAL,,EH,ESH,732
99393,1,99320,,1975,MOZAMBIQUE,mozambique,RÉPUBLIQUE DU MOZAMBIQUE,,MZ,MOZ,508
99394,1,99319,,1975,SAO TOME-ET-PRINCIPE,sao tome principe,RÉPUBLIQUE DÉMOCRATIQUE DE SAO TOMÉ-ET-PRINCIPE,,ST,STP,678
99395,1,99319,,1975,ANGOLA,angola,RÉPUBLIQUE D'ANGOLA,,AO,AGO,024
99403,2,,99401,,LABRADOR,labrador,LABRADOR,,,,
99404,3,99432,,,ALASKA,alaska,ALASKA,,,,
99405,1,,,,MEXIQUE,mexique,ÉTATS-UNIS DU MEXIQUE,,MX,MEX,484
99406,1,,,,COSTA RICA,costa rica,RÉPUBLIQUE DU COSTA RICA,,CR,CRI,188
99407,1,,,,CUBA,cuba,RÉPUBLIQUE DE CUBA,,CU,CUB,192
99410,1,,,,HAITI,haiti,RÉPUBLIQUE D'HAÏTI,,HT,HTI,332
99416,1,,,,BRESIL,bresil,RÉPUBLIQUE FÉDÉRATIVE DU BRÉSIL,,BR,BRA,076
99417,1,,,,CHILI,chili,RÉPUBLIQUE DU CHILI,,CL,CHL,152
99420,1,,,,EQUATEUR,equateur,RÉPUBLIQUE DE L'ÉQUATEUR,,EC,ECU,218
99421,1,,,,PARAGUAY,paraguay,RÉPUBLIQUE DU PARAGUAY,,PY,PRY,600
99423,1,,,,URUGUAY,uruguay,RÉPUBLIQUE ORIENTALE DE L'URUGUAY,,UY,URY,858
99424,1,,,,VENEZUELA,venezuela,RÉPUBLIQUE BOLIVARIENNE DU VENEZUELA,REPUBLIQUE DU VENEZUELA,VE,VEN,862
99425,4,99426,99132,,BERMUDES,bermudes,BERMUDES,,BM,BMU,060
99425,4,,99132,,TERRITOIRES DU ROYAUME-UNI AUX ANTILLES,territoires royaume uni antilles,TERRITOIRES DU ROYAUME-UNI AUX ANTILLES,,,,
99425,4,,99132,,TURKS ET CAIQUES (ILES),turks caiques,TURKS ET CAÏQUES (ÎLES),,TC,TCA,796
99426,1,,,1962,JAMAIQUE,jamaique,JAMAÏQUE,,JM,JAM,388
99432,4,,99404,,PORTO RICO,porto rico,PORTO RICO,,PR,PRI,630
99435,1,99425,,1974,GRENADE,grenade,GRENADE,,GD,GRD,308
99436,1,99425,,1973,BAHAMAS,bahamas,COMMONWEALTH DES BAHAMAS,ILES  LUCAYES,BS,BHS,044
99437,1,99431,,1975,SURINAME,suriname,RÉPUBLIQUE DU SURINAME,GUYANE NEERLANDAISE,SR,SUR,740
99441,1,99425,,1981,ANTIGUA-ET-BARBUDA,antigua barbuda,ANTIGUA-ET-BARBUDA,,AG,ATG,028
99442,1,99425,,1983,SAINT-CHRISTOPHE-ET-NIEVES,saint christophe nieves,FÉDÉRATION DE SAINT-CHRISTOPHE-ET-NIÉVÈS,,KN,KNA,659
99444,1,99431,,2010,CURAÇAO,curacao,CURAÇAO,,CW,CUW,531
99445,1,99431,,2010,SAINT-MARTIN (PARTIE NEERLANDAISE),saint martin,SAINT-MARTIN (PARTIE NÉERLANDAISE),,SX,SXM,534
99501,3,99229,,,CHRISTMAS (ILE),christmas,CHRISTMAS (ÎLE),,CX,CXR,162
99501,3,99229,,,COCOS ou KEELING (ILES),cocos keeling,COCOS OU KEELING (ÎLES),,CC,CCK,166
99501,3,99503,,,NORFOLK (ILE),norfolk,NORFOLK (ÎLE),,NF,NFK,574
99502,1,,,,NOUVELLE-ZELANDE,nouvelle zelande,NOUVELLE-ZÉLANDE,,NZ,NZL,554
99502,3,,,,NIUE,niue,NIUE,,NU,NIU,570
99505,4,,99404,,MARIANNES DU NORD (ILES),mariannes nord,MARIANNES DU NORD (ÎLES),,MP,MNP,580
99505,4,,99404,,SAMOA AMERICAINES,samoa americaines,SAMOA AMÉRICAINES,,AS,ASM,016
99506,1,99505,,1962,SAMOA OCCIDENTALES,samoa occidentales,ÉTAT INDÉPENDANT DES SAMOA OCCIDENTALES,,WS,WSM,882
99507,1,99501,,1968,NAURU,nauru,RÉPUBLIQUE DE NAURU,,NR,NRU,520
99510,1,99501,,1975,PAPOUASIE-NOUVELLE-GUINEE,papouasie nouvelle guinee,PAPOUASIE-NOUVELLE-GUINÉE,,PG,PNG,598
99511,1,99503,,1978,TUVALU,tuvalu,TUVALU,ILES ELLICE,TV,TUV,798
99512,1,99503,,1978,SALOMON (ILES),salomon,ÎLES SALOMON,ILES SALOMON DU SUD,SB,SLB,090
99513,1,,,1979,KIRIBATI,kiribati,RÉPUBLIQUE DE KIRIBATI,ILES GILBERT,KI,KIR,296
99515,1,99505,,1991,MARSHALL (ILES),marshall,RÉPUBLIQUE DES ÎLES MARSHALL,,MH,MHL,584
99516,1,99505,,1991,MICRONESIE (ETATS FEDERES DE),micronesie,ÉTATS FÉDÉRÉS DE MICRONÉSIE,,FM,FSM,583
